ds,y,yhat1,lagged_regressor_y_lag11,lagged_regressor_y_rolling_mean71,trend,season_yearly,season_weekly
2025-06-12,,2.4739187,0.79383063,0.36266205,2.9265342,-1.6347759,0.025667693
2025-06-13,,2.5176466,0.79383063,0.36266205,2.9358263,-1.5875666,0.0128942
2025-06-14,,2.5514832,0.79383063,0.36266205,2.945119,-1.5332406,-0.016887847
2025-06-15,,2.6543348,0.79383063,0.36266205,2.9544115,-1.471728,0.01515843
2025-06-16,,2.7338161,0.79383063,0.36266205,2.9637043,-1.4029509,0.016569845
2025-06-17,,2.7688024,0.79383063,0.36266205,2.9729965,-1.3268718,-0.033815138
2025-06-18,,2.8753943,0.79383063,0.36266205,2.982289,-1.243224,-0.020163422
2025-06-19,,3.0221877,0.79383063,0.36266205,2.9915817,-1.1522206,0.026334044
2025-06-20,,3.116693,0.79383063,0.36266205,3.000874,-1.0538985,0.013225111
2025-06-21,,3.2011497,0.79383063,0.36266205,3.0101664,-0.9481896,-0.017319947
2025-06-22,,3.3558366,0.79383063,0.36266205,3.019459,-0.8355805,0.015465542
2025-06-23,,3.486513,0.79383063,0.36266205,3.0287514,-0.71572703,0.016996026
2025-06-24,,3.5704188,0.79383063,0.36266205,3.038044,-0.589449,-0.03466868
2025-06-25,,3.7262871,0.79383063,0.36266205,3.0473368,-0.45675483,-0.02078738
2025-06-26,,3.9220479,0.79383063,0.36266205,3.0566292,-0.31807458,0.027000437
2025-06-27,,4.061995,0.79383063,0.36266205,3.0659215,-0.17387572,0.013456889
2025-06-28,,4.1896396,0.79383063,0.36266205,3.0752141,-0.02431542,-0.0177519
2025-06-29,,4.386672,0.79383063,0.36266205,3.0845068,0.12981613,0.015856806
2025-06-30,,4.555932,0.79383063,0.36266205,3.0937989,0.2882325,0.01740812
2025-07-01,,4.674202,0.79383063,0.36266205,3.1030915,0.4501511,-0.035533275
2025-07-02,,4.862853,0.79383063,0.36266205,3.1123836,0.6152758,-0.021299247
2025-07-03,,5.0885224,0.79383063,0.36266205,3.1216762,0.7826867,0.02766686
2025-07-04,,5.2534213,0.79383063,0.36266205,3.130969,0.9520698,0.01388978
2025-07-05,,5.4011817,0.79383063,0.36266205,3.1402617,1.1226166,-0.018189529
2025-07-06,,5.615706,0.79383063,0.36266205,3.149554,1.2933276,0.01633141
2025-07-07,,5.797382,0.79383063,0.36266205,3.1588464,1.464208,0.01783422
2025-07-08,,5.922425,0.79383063,0.36266205,3.168139,1.6341105,-0.03631788
2025-07-09,,6.114688,0.79383063,0.36266205,3.1774313,1.8025748,-0.021810995
2025-07-10,,6.340523,0.79383063,0.36266205,3.186724,1.9689732,0.028333295
2025-07-11,,6.4990315,0.79383063,0.36266205,3.1960163,2.132302,0.014220404
2025-07-12,,6.6353874,0.79383063,0.36266205,3.2053092,2.2922125,-0.018627292
2025-07-13,,6.8358097,0.79383063,0.36266205,3.2146015,2.447997,0.016717643
2025-07-14,,6.9979305,0.79383063,0.36266205,3.2238941,2.5992832,0.018260451
2025-07-15,,7.097635,0.79383063,0.36266205,3.2331867,2.7452128,-0.037256986
2025-07-16,,7.262148,0.79383063,0.36266205,3.2424788,2.8855019,-0.022325946
2025-07-17,,7.456805,0.79383063,0.36266205,3.2517715,3.0195413,0.02899977
2025-07-18,,7.5788946,0.79383063,0.36266205,3.261064,3.1467838,0.014554281
2025-07-19,,7.6746945,0.79383063,0.36266205,3.2703562,3.2669044,-0.019059107
2025-07-20,,7.8328843,0.79383063,0.36266205,3.2796488,3.3797183,0.017024264
2025-07-21,,7.948947,0.79383063,0.36266205,3.2889416,3.4848332,0.018679177
2025-07-22,,7.9983954,0.79383063,0.36266205,3.2982342,3.5817902,-0.038121954
2025-07-23,,8.111733,0.79383063,0.36266205,3.3075266,3.6705518,-0.022837522
2025-07-24,,8.254034,0.79383063,0.36266205,3.316819,3.7510562,0.029666258
2025-07-25,,8.320657,0.79383063,0.36266205,3.3261116,3.8232768,0.014775996
2025-07-26,,8.359275,0.79383063,0.36266205,3.335404,3.8868754,-0.019497002
2025-07-27,,8.460665,0.79383063,0.36266205,3.3446965,3.9420674,0.017408429
2025-07-28,,8.518441,0.79383063,0.36266205,3.353989,3.9888535,0.019105494
2025-07-29,,8.508311,0.79383063,0.36266205,3.3632812,4.0275245,-0.03898708
2025-07-30,,8.563812,0.79383063,0.36266205,3.372574,4.058098,-0.023352453
2025-07-31,,8.649443,0.79383063,0.36266205,3.3818667,4.08075,0.030332776
2025-08-01,,8.658835,0.79383063,0.36266205,3.3911593,4.095965,0.01521861
2025-08-02,,8.640871,0.79383063,0.36266205,3.4004514,4.1038547,-0.019928679
2025-08-03,,8.688936,0.79383063,0.36266205,3.409744,4.1048155,0.017883504
2025-08-04,,8.694328,0.79383063,0.36266205,3.4190366,4.0992665,0.019531937
2025-08-05,,8.632603,0.79383063,0.36266205,3.4283288,4.0875397,-0.039758235
2025-08-06,,8.640341,0.79383063,0.36266205,3.4376214,4.070093,-0.023867413
2025-08-07,,8.681783,0.79383063,0.36266205,3.446914,4.047377,0.03099931
2025-08-08,,8.648107,0.79383063,0.36266205,3.4562068,4.019857,0.015548911
2025-08-09,,8.589706,0.79383063,0.36266205,3.4654992,3.988075,-0.020360205
2025-08-10,,8.601982,0.79383063,0.36266205,3.4747915,3.9524276,0.018269377
2025-08-11,,8.57383,0.79383063,0.36266205,3.4840841,3.9133103,0.019942211
2025-08-12,,8.480479,0.79383063,0.36266205,3.4933765,3.8713155,-0.040704757
2025-08-13,,8.461793,0.79383063,0.36266205,3.502669,3.8270097,-0.024378754
2025-08-14,,8.480687,0.79383063,0.36266205,3.5119615,3.7805672,0.031665884
2025-08-15,,8.426174,0.79383063,0.36266205,3.5212538,3.7325492,0.015879083
2025-08-16,,8.349625,0.79383063,0.36266205,3.5305464,3.6833904,-0.02080487
2025-08-17,,8.348317,0.79383063,0.36266205,3.5398393,3.6334088,0.018576732
2025-08-18,,8.309064,0.79383063,0.36266205,3.5491319,3.5830715,0.02036857
2025-08-19,,8.205835,0.79383063,0.36266205,3.558424,3.5324893,-0.041570127
2025-08-20,,8.181413,0.79383063,0.36266205,3.5677166,3.4820936,-0.024889974
2025-08-21,,8.197941,0.79383063,0.36266205,3.5770087,3.432106,0.032332484
2025-08-22,,8.141379,0.79383063,0.36266205,3.5863013,3.382487,0.016098175
2025-08-23,,8.064674,0.79383063,0.36266205,3.595594,3.333824,-0.021236409
2025-08-24,,8.066146,0.79383063,0.36266205,3.6048863,3.2858071,0.01896071
2025-08-25,,8.030302,0.79383063,0.36266205,3.6141787,3.2388356,0.020795055
2025-08-26,,7.93006,0.79383063,0.36266205,3.6234715,3.1925309,-0.042435665
2025-08-27,,7.911081,0.79383063,0.36266205,3.632764,3.1472285,-0.02540486
2025-08-28,,7.934224,0.79383063,0.36266205,3.6420565,3.1026762,0.03299908
2025-08-29,,7.883303,0.79383063,0.36266205,3.651349,3.0589142,0.01654676
2025-08-30,,7.8110976,0.79383063,0.36266205,3.6606414,3.0156307,-0.021667797
2025-08-31,,7.8185654,0.79383063,0.36266205,3.6699338,2.9726954,0.019443516
2025-09-01,,7.786851,0.79383063,0.36266205,3.6792264,2.929918,0.021213004
2025-09-02,,7.6888947,0.79383063,0.36266205,3.688519,2.887082,-0.04319909
2025-09-03,,7.672253,0.79383063,0.36266205,3.6978111,2.8438685,-0.025919776
2025-09-04,,7.697362,0.79383063,0.36266205,3.707104,2.8000994,0.03366572
2025-09-05,,7.6450953,0.79383063,0.36266205,3.7163966,2.7553294,0.01687674
2025-09-06,,7.569396,0.79383063,0.36266205,3.7256892,2.709313,-0.022099046
2025-09-07,,7.5729337,0.79383063,0.36266205,3.7349813,2.661621,0.01983803
2025-09-08,,7.534474,0.79383063,0.36266205,3.744274,2.6120672,0.02163958
2025-09-09,,7.426299,0.79383063,0.36266205,3.7535665,2.5603926,-0.044153024
2025-09-10,,7.3989697,0.79383063,0.36266205,3.7628589,2.5060487,-0.026430765
2025-09-11,,7.4118466,0.79383063,0.36266205,3.7721512,2.44887,0.034332383
2025-09-12,,7.343751,0.79383063,0.36266205,3.781444,2.3886034,0.017210584
2025-09-13,,7.2496266,0.79383063,0.36266205,3.7907367,2.324934,-0.022537356
2025-09-14,,7.2343073,0.79383063,0.36266205,3.800029,2.2576644,0.02012085
2025-09-15,,7.1742234,0.79383063,0.36266205,3.8093216,2.186351,0.022057267
2025-09-16,,7.041441,0.79383063,0.36266205,3.818614,2.1113527,-0.045018792
2025-09-17,,6.989471,0.79383063,0.36266205,3.8279064,2.0320132,-0.02694163
2025-09-18,,6.9772906,0.79383063,0.36266205,3.837199,1.9485998,0.03499906
2025-09-19,,6.8811994,0.79383063,0.36266205,3.8464916,1.8608029,0.017412186
2025-09-20,,6.7581887,0.79383063,0.36266205,3.8557837,1.7688804,-0.022968452
2025-09-21,,6.714874,0.79383063,0.36266205,3.8650765,1.6727904,0.020513644
2025-09-22,,6.6258526,0.79383063,0.36266205,3.8743691,1.572507,0.022483926
2025-09-23,,6.4626007,0.79383063,0.36266205,3.8836617,1.4683232,-0.04587734
2025-09-24,,6.382429,0.79383063,0.36266205,3.8929539,1.360439,-0.027456472
2025-09-25,,6.3437715,0.79383063,0.36266205,3.9022465,1.249366,0.03566578
2025-09-26,,6.220846,0.79383063,0.36266205,3.911539,1.1349446,0.01787009
2025-09-27,,6.071676,0.79383063,0.36266205,3.9208312,1.0177586,-0.023406893
2025-09-28,,6.006014,0.79383063,0.36266205,3.9301238,0.8983836,0.021013513
2025-09-29,,5.895816,0.79383063,0.36266205,3.9394164,0.7770052,0.022901352
2025-09-30,,5.713037,0.79383063,0.36266205,3.9487092,0.65447515,-0.04664044
2025-10-01,,5.617353,0.79383063,0.36266205,3.9580016,0.5308259,-0.027967164
2025-10-02,,5.5671797,0.79383063,0.36266205,3.967294,0.4070603,0.03633253
2025-10-03,,5.4349594,0.79383063,0.36266205,3.9765866,0.2836763,0.018203896
2025-10-04,,5.279643,0.79383063,0.36266205,3.985879,0.16111694,-0.023845471
2025-10-05,,5.213366,0.79383063,0.36266205,3.9951715,0.040302772,0.021399204
2025-10-06,,5.105921,0.79383063,0.36266205,4.0044637,-0.07836381,0.023328101
2025-10-07,,4.9287667,0.79383063,0.36266205,4.0137563,-0.1938729,-0.04760944
2025-10-08,,4.845065,0.79383063,0.36266205,4.023049,-0.3059986,-0.028477736
2025-10-09,,4.8119745,0.79383063,0.36266205,4.0323415,-0.41378456,0.03692489
2025-10-10,,4.699942,0.79383063,0.36266205,4.0416336,-0.516722,0.01853772
2025-10-11,,4.5691314,0.79383063,0.36266205,4.050926,-0.61401147,-0.024276441
2025-10-12,,4.533262,0.79383063,0.36266205,4.060219,-0.7051236,0.021673935
2025-10-13,,4.460332,0.79383063,0.36266205,4.0695114,-0.78942686,0.023754977
2025-10-14,,4.3203154,0.79383063,0.36266205,4.0788035,-0.8665054,-0.04847574
2025-10-15,,4.279849,0.79383063,0.36266205,4.088096,-0.93574315,-0.028996833
2025-10-16,,4.2949653,0.79383063,0.36266205,4.0973887,-0.99658215,0.037666045
2025-10-17,,4.23323,0.79383063,0.36266205,4.1066813,-1.048811,0.018867215
2025-10-18,,4.1558914,0.79383063,0.36266205,4.115974,-1.0918678,-0.024707256
2025-10-19,,4.178148,0.79383063,0.36266205,4.1252666,-1.1256688,0.022057373
2025-10-20,,4.165495,0.79383063,0.36266205,4.1345587,-1.1497183,0.02416222
2025-10-21,,4.087079,0.79383063,0.36266205,4.1438513,-1.1640474,-0.0492178
2025-10-22,,4.1116753,0.79383063,0.36266205,4.153144,-1.1684538,-0.029507292
2025-10-23,,4.194394,0.79383063,0.36266205,4.162436,-1.1628677,0.03833286
2025-10-24,,4.199902,0.79383063,0.36266205,4.1717286,-1.1475158,0.01919658
2025-10-25,,4.190311,0.79383063,0.36266205,4.181021,-1.1220571,-0.025145967
2025-10-26,,4.2820425,0.79383063,0.36266205,4.1903133,-1.0873389,0.022575524
2025-10-27,,4.3376956,0.79383063,0.36266205,4.1996064,-1.0429922,0.024589011
2025-10-28,,4.3256907,0.79383063,0.36266205,4.208899,-0.9896183,-0.05008228
2025-10-29,,4.4169374,0.79383063,0.36266205,4.2181916,-0.9277294,-0.030017627
2025-10-30,,4.565538,0.79383063,0.36266205,4.2274837,-0.85743845,0.038999707
2025-10-31,,4.6333804,0.79383063,0.36266205,4.2367764,-0.7794192,0.019530369
2025-11-01,,4.6827703,0.79383063,0.36266205,4.246069,-0.6942066,-0.025584817
2025-11-02,,4.831942,0.79383063,0.36266205,4.255361,-0.60275614,0.02284427
2025-11-03,,4.9409723,0.79383063,0.36266205,4.2646537,-0.5051898,0.025015926
2025-11-04,,4.9769034,0.79383063,0.36266205,4.2739463,-0.40247646,-0.051059242
2025-11-05,,5.1138387,0.79383063,0.36266205,4.283239,-0.29536065,-0.030532405
2025-11-06,,5.303961,0.79383063,0.36266205,4.2925315,-0.18465036,0.039586827
2025-11-07,,5.4067717,0.79383063,0.36266205,4.301824,-0.07140963,0.019864181
2025-11-08,,5.485657,0.79383063,0.36266205,4.3111167,0.044063296,-0.026015496
2025-11-09,,5.660786,0.79383063,0.36266205,4.320409,0.16065733,0.023227662
2025-11-10,,5.7891936,0.79383063,0.36266205,4.3297014,0.27756685,0.02543258
2025-11-11,,5.8373127,0.79383063,0.36266205,4.338994,0.3937435,-0.051917598
2025-11-12,,5.982216,0.79383063,0.36266205,4.348286,0.5084795,-0.031042557
2025-11-13,,6.175565,0.79383063,0.36266205,4.3575788,0.62115973,0.040333427
2025-11-14,,6.274319,0.79383063,0.36266205,4.3668714,0.7307613,0.020193353
2025-11-15,,6.3426247,0.79383063,0.36266205,4.376164,0.8364136,-0.026446031
2025-11-16,,6.5032883,0.79383063,0.36266205,4.385456,0.9377176,0.023621475
2025-11-17,,6.610957,0.79383063,0.36266205,4.3947487,1.0338554,0.025859585
2025-11-18,,6.6320405,0.79383063,0.36266205,4.4040413,1.1241747,-0.05266822
2025-11-19,,6.7460604,0.79383063,0.36266205,4.413334,1.2077905,-0.03155731
2025-11-20,,6.904758,0.79383063,0.36266205,4.4226265,1.284638,0.041000336
2025-11-21,,6.963,0.79383063,0.36266205,4.431919,1.3540603,0.020527158
2025-11-22,,6.986335,0.79383063,0.36266205,4.4412117,1.415515,-0.026885021
2025-11-23,,7.099916,0.79383063,0.36266205,4.450504,1.4687916,0.024127463
2025-11-24,,7.156069,0.79383063,0.36266205,4.4597964,1.513493,0.026286716
2025-11-25,,7.1216393,0.79383063,0.36266205,4.469089,1.5495818,-0.053524613
2025-11-26,,7.179638,0.79383063,0.36266205,4.4783816,1.5768312,-0.0320673
2025-11-27,,7.281015,0.79383063,0.36266205,4.4876738,1.5951811,0.041667257
2025-11-28,,7.278967,0.79383063,0.36266205,4.4969664,1.6046515,0.020856176
2025-11-29,,7.240755,0.79383063,0.36266205,4.506259,1.6053183,-0.027315414
2025-11-30,,7.293803,0.79383063,0.36266205,4.515551,1.5973715,0.024387937
2025-12-01,,7.2889795,0.79383063,0.36266205,4.5248437,1.5809395,0.026703062
2025-12-02,,7.192491,0.79383063,0.36266205,4.534137,1.5563618,-0.05450077
2025-12-03,,7.191385,0.79383063,0.36266205,4.543429,1.524045,-0.032582026
2025-12-04,,7.235746,0.79383063,0.36266205,4.552721,1.4842824,0.04224916
2025-12-05,,7.177238,0.79383063,0.36266205,4.562014,1.4375459,0.021185054
2025-12-06,,7.0844946,0.79383063,0.36266205,4.571306,1.384441,-0.027745657
2025-12-07,,7.0871425,0.79383063,0.36266205,4.580599,1.3252581,0.024793118
2025-12-08,,7.0344157,0.79383063,0.36266205,4.5898914,1.2609121,0.027119193
2025-12-09,,6.892029,0.79383063,0.36266205,4.5991836,1.1917197,-0.055367738
2025-12-10,,6.8503213,0.79383063,0.36266205,4.6084766,1.1184437,-0.033091832
2025-12-11,,6.859096,0.79383063,0.36266205,4.617769,1.0418335,0.04300121
2025-12-12,,6.767352,0.79383063,0.36266205,4.627062,0.9622839,0.021513807
2025-12-13,,6.645288,0.79383063,0.36266205,4.636354,0.88063467,-0.028193787
2025-12-14,,6.6248016,0.79383063,0.36266205,4.645646,0.7974859,0.025176372
2025-12-15,,6.552673,0.79383063,0.36266205,4.654939,0.7136947,0.02754637
2025-12-16,,6.394161,0.79383063,0.36266205,4.6642313,0.6295486,-0.0561112
2025-12-17,,6.3422728,0.79383063,0.36266205,4.6735234,0.5458575,-0.033601515
2025-12-18,,6.346217,0.79383063,0.36266205,4.6828165,0.46324003,0.0436682
2025-12-19,,6.252643,0.79383063,0.36266205,4.692109,0.3821883,0.021852605
2025-12-20,,6.1326437,0.79383063,0.36266205,4.7014017,0.30337325,-0.028624045
2025-12-21,,6.119994,0.79383063,0.36266205,4.710694,0.22711775,0.02569008
2025-12-22,,6.0583243,0.79383063,0.36266205,4.7199864,0.1538709,0.027973676
2025-12-23,,5.912953,0.79383063,0.36266205,4.729279,0.08415775,-0.056976613
2025-12-24,,5.879103,0.79383063,0.36266205,4.738571,0.018160356,-0.034121282
2025-12-25,,5.9049797,0.79383063,0.36266205,4.7478642,-0.043712266,0.044335224
2025-12-26,,5.8345165,0.79383063,0.36266205,4.7571564,-0.10131401,0.022181295
2025-12-27,,5.739615,0.79383063,0.36266205,4.7664485,-0.15427239,-0.029054152
2025-12-28,,5.7553973,0.79383063,0.36266205,4.7757416,-0.20277894,0.02594247
2025-12-29,,5.7232556,0.79383063,0.36266205,4.785034,-0.24666104,0.028389504
2025-12-30,,5.6070967,0.79383063,0.36266205,4.7943263,-0.2857716,-0.057950996
2025-12-31,,5.60517,0.79383063,0.36266205,4.803619,-0.3203108,-0.03463085
2026-01-01,,5.663996,0.79383063,0.36266205,4.8129115,-0.3503203,0.04491189
2026-01-02,,5.6253037,0.79383063,0.36266205,4.822204,-0.37590283,0.022509852
2026-01-03,,5.561017,0.79383063,0.36266205,4.8314962,-0.39747852,-0.029493542
2026-01-04,,5.6085105,0.79383063,0.36266205,4.840789,-0.4151081,0.026337087
2026-01-05,,5.6062093,0.79383063,0.36266205,4.8500814,-0.4291697,0.028805107
2026-01-06,,5.5171638,0.79383063,0.36266205,4.859374,-0.4398848,-0.058818366
2026-01-07,,5.5422544,0.79383063,0.36266205,4.868666,-0.4477643,-0.035140306
2026-01-08,,5.6269293,0.79383063,0.36266205,4.8779593,-0.45319214,0.045669362
2026-01-09,,5.6100802,0.79383063,0.36266205,4.8872514,-0.45650724,0.022843603
2026-01-10,,5.5649247,0.79383063,0.36266205,4.8965435,-0.45818844,-0.029923515
2026-01-11,,5.630435,0.79383063,0.36266205,4.9058366,-0.45862603,0.026731921
2026-01-12,,5.6423826,0.79383063,0.36266205,4.9151287,-0.45847178,0.029232463
2026-01-13,,5.563415,0.79383063,0.36266205,4.9244213,-0.45794412,-0.059554674
2026-01-14,,5.596756,0.79383063,0.36266205,4.933714,-0.4577958,-0.03565497
2026-01-15,,5.687653,0.79383063,0.36266205,4.943007,-0.45818326,0.046336446
2026-01-16,,5.6721807,0.79383063,0.36266205,4.952299,-0.4597831,0.023172004
2026-01-17,,5.6248302,0.79383063,0.36266205,4.9615912,-0.4628904,-0.030363036
2026-01-18,,5.686861,0.79383063,0.36266205,4.9708843,-0.46776927,0.027253356
2026-01-19,,5.690954,0.79383063,0.36266205,4.9801764,-0.47536293,0.02964781
2026-01-20,,5.600287,0.79383063,0.36266205,4.9894686,-0.4852638,-0.060410745
2026-01-21,,5.6208367,0.79383063,0.36266205,4.9987617,-0.4982535,-0.036164246
2026-01-22,,5.69694,0.79383063,0.36266205,5.008054,-0.5146102,0.04700358
2026-01-23,,5.663132,0.79383063,0.36266205,5.017347,-0.53421277,0.023505742
2026-01-24,,5.594678,0.79383063,0.36266205,5.026639,-0.55766106,-0.030792868
2026-01-25,,5.63495,0.79383063,0.36266205,5.0359316,-0.5849845,0.027509945
2026-01-26,,5.615598,0.79383063,0.36266205,5.045224,-0.6161939,0.030075246
2026-01-27,,5.4983673,0.79383063,0.36266205,5.0545163,-0.65123,-0.061411593
2026-01-28,,5.4931335,0.79383063,0.36266205,5.0638084,-0.6904948,-0.0366734
2026-01-29,,5.543479,0.79383063,0.36266205,5.0731015,-0.7336902,0.047575008
2026-01-30,,5.4819617,0.79383063,0.36266205,5.0823936,-0.7807645,0.023839504
2026-01-31,,5.385245,0.79383063,0.36266205,5.091686,-0.8317016,-0.031232523
2026-02-01,,5.3993306,0.79383063,0.36266205,5.100979,-0.88603395,0.027892783
2026-02-02,,5.3532996,0.79383063,0.36266205,5.1102715,-0.9439677,0.03050281
2026-02-03,,5.2088194,0.79383063,0.36266205,5.119564,-1.0050946,-0.062142607
2026-02-04,,5.179179,0.79383063,0.36266205,5.128856,-1.0689818,-0.037187982
2026-02-05,,5.207175,0.79383063,0.36266205,5.138149,-1.1358044,0.048337884
2026-02-06,,5.12349,0.79383063,0.36266205,5.1474414,-1.2046117,0.024167713
2026-02-07,,5.0059996,0.79383063,0.36266205,5.1567335,-1.2755432,-0.03168316
2026-02-08,,5.0027566,0.79383063,0.36266205,5.1660266,-1.348038,0.028275495
2026-02-09,,4.9409785,0.79383063,0.36266205,5.1753187,-1.4217632,0.030930497
2026-02-10,,4.7818522,0.79383063,0.36266205,5.1846113,-1.4962634,-0.062988475
2026-02-11,,4.741332,0.79383063,0.36266205,5.193904,-1.5713618,-0.037702605
2026-02-12,,4.762228,0.79383063,0.36266205,5.2031965,-1.6464664,0.049005084
2026-02-13,,4.6723905,0.79383063,0.36266205,5.2124887,-1.7210866,0.024495788
2026-02-14,,4.550961,0.79383063,0.36266205,5.2217813,-1.795221,-0.032091748
2026-02-15,,4.5481124,0.79383063,0.36266205,5.231074,-1.868138,0.028683674
2026-02-16,,4.488254,0.79383063,0.36266205,5.2403665,-1.9399376,0.03133268
2026-02-17,,4.3325667,0.79383063,0.36266205,5.2496586,-2.0097296,-0.06385455
2026-02-18,,4.2994986,0.79383063,0.36266205,5.258951,-2.0777335,-0.038211524
2026-02-19,,4.3310685,0.79383063,0.36266205,5.2682443,-2.1432412,0.04957262
2026-02-20,,4.2524896,0.79383063,0.36266205,5.277537,-2.2063634,0.02482373
2026-02-21,,4.144003,0.79383063,0.36266205,5.286829,-2.2667766,-0.032541938
2026-02-22,,4.1574,0.79383063,0.36266205,5.296121,-2.3242805,0.029066471
2026-02-23,,4.114923,0.79383063,0.36266205,5.3054137,-2.3787432,0.031760287
2026-02-24,,3.976233,0.79383063,0.36266205,5.314706,-2.4301023,-0.064863354
2026-02-25,,3.9632804,0.79383063,0.36266205,5.3239994,-2.4784913,-0.03872034
2026-02-26,,4.017054,0.79383063,0.36266205,5.333292,-2.5229688,0.050238524
2026-02-27,,3.959283,0.79383063,0.36266205,5.342584,-2.5649567,0.025163257
2026-02-28,,3.8718581,0.79383063,0.36266205,5.3518763,-2.6035395,-0.032971486
2026-03-01,,3.9083216,0.79383063,0.36266205,5.36117,-2.63879,0.029449137
2026-03-02,,3.88751,0.79383063,0.36266205,5.370462,-2.6716323,0.032188036
2026-03-03,,3.7698178,0.79383063,0.36266205,5.379754,-2.7008522,-0.06557666
2026-03-04,,3.7779615,0.79383063,0.36266205,5.3890467,-2.7283423,-0.03923487
2026-03-05,,3.8529809,0.79383063,0.36266205,5.398339,-2.7528572,0.051006813
2026-03-06,,3.8143144,0.79383063,0.36266205,5.407631,-2.7753005,0.02549114
2026-03-07,,3.7442102,0.79383063,0.36266205,5.4169245,-2.7957838,-0.03342302
2026-03-08,,3.7979956,0.79383063,0.36266205,5.4262166,-2.8145459,0.029831665
2026-03-09,,3.7928011,0.79383063,0.36266205,5.435509,-2.831803,0.032602556
2026-03-10,,3.6870923,0.79383063,0.36266205,5.4448013,-2.8477585,-0.0664431
2026-03-11,,3.7074711,0.79383063,0.36266205,5.454095,-2.8633668,-0.039749447
2026-03-12,,3.793577,0.79383063,0.36266205,5.463387,-2.8779767,0.05167411
2026-03-13,,3.762672,0.79383063,0.36266205,5.472679,-2.892319,0.0258189
2026-03-14,,3.6982045,0.79383063,0.36266205,5.4819713,-2.9064188,-0.03384096
2026-03-15,,3.7571177,0.79383063,0.36266205,5.491264,-2.9208658,0.030227551
2026-03-16,,3.7539861,0.79383063,0.36266205,5.500556,-2.936093,0.033030376
2026-03-17,,3.6475255,0.79383063,0.36266205,5.5098495,-2.9515178,-0.067298874
2026-03-18,,3.6674182,0.79383063,0.36266205,5.5191417,-2.9679582,-0.040258013
2026-03-19,,3.7516036,0.79383063,0.36266205,5.528434,-2.9855595,0.052236415
2026-03-20,,3.7161546,0.79383063,0.36266205,5.5377264,-3.0042171,0.026152601
2026-03-21,,3.6449432,0.79383063,0.36266205,5.5470195,-3.0242991,-0.034270227
2026-03-22,,3.6976523,0.79383063,0.36266205,5.556312,-3.0457618,0.030609993
2026-03-23,,3.6868234,0.79383063,0.36266205,5.565604,-3.0687184,0.033444647
2026-03-24,,3.5699275,0.79383063,0.36266205,5.5748963,-3.093146,-0.06831562
2026-03-25,,3.5808265,0.79383063,0.36266205,5.584189,-3.1190825,-0.040772565
2026-03-26,,3.656511,0.79383063,0.36266205,5.593482,-3.1463661,0.052902423
2026-03-27,,3.61055,0.79383063,0.36266205,5.6027746,-3.1751971,0.0264802
2026-03-28,,3.5285287,0.79383063,0.36266205,5.6120667,-3.2053316,-0.034699332
2026-03-29,,3.572279,0.79383063,0.36266205,5.621359,-3.2365787,0.031006137
2026-03-30,,3.552194,0.79383063,0.36266205,5.630651,-3.2688086,0.033858687
2026-03-31,,3.4255059,0.79383063,0.36266205,5.6399446,-3.3019102,-0.06902121
2026-04-01,,3.4288561,0.79383063,0.36266205,5.6492367,-3.3355925,-0.041280963
2026-04-02,,3.4990213,0.79383063,0.36266205,5.6585293,-3.3696766,0.053676143
2026-04-03,,3.4471748,0.79383063,0.36266205,5.6678214,-3.4039469,0.026807657
2026-04-04,,3.3604088,0.79383063,0.36266205,5.677115,-3.4380357,-0.03516285
2026-04-05,,3.4023106,0.79383063,0.36266205,5.686407,-3.4719915,0.031402495
2026-04-06,,3.3814464,0.79383063,0.36266205,5.695699,-3.5050328,0.034286562
2026-04-07,,3.2542117,0.79383063,0.36266205,5.704992,-3.5373845,-0.069888055
2026-04-08,,3.2604852,0.79383063,0.36266205,5.714284,-3.5685017,-0.041789234
2026-04-09,,3.3363352,0.79383063,0.36266205,5.723576,-3.598077,0.054343548
2026-04-10,,3.2901561,0.79383063,0.36266205,5.7328696,-3.6263537,0.027147623
2026-04-11,,3.2107134,0.79383063,0.36266205,5.7421618,-3.6523612,-0.03557988
2026-04-12,,3.2633095,0.79383063,0.36266205,5.751454,-3.6764219,0.03178488
2026-04-13,,3.2536995,0.79383063,0.36266205,5.7607465,-3.698254,0.034714554
2026-04-14,,3.1383886,0.79383063,0.36266205,5.77004,-3.7173886,-0.07075507
2026-04-15,,3.159392,0.79383063,0.36266205,5.779332,-3.7341352,-0.042297397
2026-04-16,,3.251792,0.79383063,0.36266205,5.7886243,-3.7482257,0.054900613
2026-04-17,,3.2223947,0.79383063,0.36266205,5.7979164,-3.7594893,0.027475022
2026-04-18,,3.1596806,0.79383063,0.36266205,5.807209,-3.7680123,-0.036008857
2026-04-19,,3.2315123,0.79383063,0.36266205,5.816501,-3.7736483,0.032167137
2026-04-20,,3.2408874,0.79383063,0.36266205,5.8257947,-3.7765424,0.03514268
2026-04-21,,3.1429915,0.79383063,0.36266205,5.835087,-3.7768314,-0.07175681
2026-04-22,,3.1833115,0.79383063,0.36266205,5.844379,-3.7747416,-0.042818207
2026-04-23,,3.2957618,0.79383063,0.36266205,5.8536716,-3.769969,0.05556671
2026-04-24,,3.2840497,0.79383063,0.36266205,5.8629646,-3.7632103,0.027802294
2026-04-25,,3.2377975,0.79383063,0.36266205,5.872257,-3.7545142,-0.036437687
2026-04-26,,3.3265436,0.79383063,0.36266205,5.8815494,-3.744062,0.032563794
2026-04-27,,3.350662,0.79383063,0.36266205,5.8908415,-3.732214,0.03554183
2026-04-28,,3.2648656,0.79383063,0.36266205,5.9001336,-3.7192945,-0.07246625
2026-04-29,,3.3169527,0.79383063,0.36266205,5.909426,-3.7056396,-0.04332624
2026-04-30,,3.439946,0.79383063,0.36266205,5.9187183,-3.6916108,0.05634584
2026-05-01,,3.435036,0.79383063,0.36266205,5.928012,-3.6775982,0.028129432
2026-05-02,,3.3928545,0.79383063,0.36266205,5.937304,-3.6640394,-0.03690266
2026-05-03,,3.4849842,0.79383063,0.36266205,5.946596,-3.6510656,0.032960657
2026-05-04,,3.5090063,0.79383063,0.36266205,5.9558887,-3.639345,0.035969865
2026-05-05,,3.4191375,0.79383063,0.36266205,5.965182,-3.629204,-0.0733335
2026-05-06,,3.4662483,0.79383063,0.36266205,5.9744744,-3.6208844,-0.043834172
2026-05-07,,3.5824323,0.79383063,0.36266205,5.9837666,-3.6148403,0.057013318
2026-05-08,,3.5665262,0.79383063,0.36266205,5.9930587,-3.6114883,0.028463084
2026-05-09,,3.5107038,0.79383063,0.36266205,6.0023513,-3.6108212,-0.037318766
2026-05-10,,3.5881152,0.79383063,0.36266205,6.0116444,-3.613365,0.03334287
2026-05-11,,3.5947764,0.79383063,0.36266205,6.020937,-3.6190507,0.03639804
2026-05-12,,3.4841578,0.79383063,0.36266205,6.030229,-3.6283748,-0.07418895
2026-05-13,,3.5103045,0.79383063,0.36266205,6.039521,-3.6413612,-0.044348586
2026-05-14,,3.604771,0.79383063,0.36266205,6.0488133,-3.6581006,0.05756519
2026-05-15,,3.565255,0.79383063,0.36266205,6.058107,-3.6781416,0.028796764
2026-05-16,,3.4841037,0.79383063,0.36266205,6.067399,-3.702041,-0.037747473
2026-05-17,,3.5374508,0.79383063,0.36266205,6.0766916,-3.7294579,0.033724938
2026-05-18,,3.519059,0.79383063,0.36266205,6.0859838,-3.7602289,0.036811262
2026-05-19,,3.3827074,0.79383063,0.36266205,6.0952773,-3.794006,-0.07505641
2026-05-20,,3.3858447,0.79383063,0.36266205,6.1045694,-3.830361,-0.044856343
2026-05-21,,3.459306,0.79383063,0.36266205,6.1138616,-3.86928,0.0582314
2026-05-22,,3.3989367,0.79383063,0.36266205,6.123154,-3.9098332,0.029123712
2026-05-23,,3.2984893,0.79383063,0.36266205,6.1324463,-3.9522357,-0.038213585
2026-05-24,,3.3375218,0.79383063,0.36266205,6.1417384,-3.9948313,0.0341221
2026-05-25,,3.3069754,0.79383063,0.36266205,6.151032,-4.037789,0.037239518
2026-05-26,,3.1605785,0.79383063,0.36266205,6.160324,-4.080314,-0.07592402
2026-05-27,,3.1596646,0.79383063,0.36266205,6.169616,-4.1210737,-0.045370735
2026-05-28,,3.2344801,0.79383063,0.36266205,6.178909,-4.159937,0.059015926
2026-05-29,,3.1783514,0.79383063,0.36266205,6.188202,-4.195801,0.029457381
2026-05-30,,3.0874312,0.79383063,0.36266205,6.1974945,-4.227913,-0.038642447
2026-05-31,,3.1428912,0.79383063,0.36266205,6.2067866,-4.254892,0.03450408
2026-06-01,,3.133896,0.79383063,0.36266205,6.2160788,-4.2763433,0.037667897
2026-06-02,,3.0137355,0.79383063,0.36266205,6.2253714,-4.291349,-0.07677943
2026-06-03,,3.0466988,0.79383063,0.36266205,6.2346635,-4.298572,-0.04588518
2026-06-04,,3.1625936,0.79383063,0.36266205,6.243957,-4.29742,0.059563883
2026-06-05,,3.153277,0.79383063,0.36266205,6.253249,-4.286249,0.029784169
2026-06-06,,3.1146991,0.79383063,0.36266205,6.2625413,-4.26529,-0.039045174
2026-06-07,,3.2303112,0.79383063,0.36266205,6.271834,-4.232901,0.03488592
2026-06-08,,3.2872493,0.79383063,0.36266205,6.281127,-4.1886263,0.03825602
2026-06-09,,3.2380004,0.79383063,0.36266205,6.2904196,-4.131277,-0.07763474
2026-06-10,,3.349591,0.79383063,0.36266205,6.2997117,-4.0602207,-0.046392694
2026-06-11,,3.550481,0.79383063,0.36266205,6.309004,-3.9752455,0.060230166
